id,alcoholic,burnt,citrus,earthy,green,mint,odorless,phenolic,spicy,sulfurous,sweet,woody
0,0.07786437124013901,0.9775286316871643,0.00021380434918683022,0.015460016205906868,1.36421522256569e-05,0.04926260933279991,0.011589586734771729,0.013679084368050098,0.00032196284155361354,0.03633910045027733,0.9957126379013062,0.00010871824633795768
1,0.4933657944202423,0.09616701304912567,0.042734816670417786,0.11187607795000076,0.022402705624699593,0.012575359083712101,0.027014246210455894,0.005416368134319782,0.00045199302257969975,0.08832118660211563,0.9504813551902771,0.0020973754581063986
2,0.008093783631920815,0.0005642069736495614,0.0016290536150336266,0.00042919066618196666,8.295771112898365e-05,0.059314072132110596,0.9962750673294067,0.005874529015272856,0.011542410589754581,0.003925498109310865,0.0003050442901439965,0.00018927565542981029
3,0.01546497456729412,0.046492453664541245,1.6484980733366683e-05,0.038318175822496414,8.793143933871761e-05,0.0021172058768570423,0.023758651688694954,0.9947492480278015,0.016077224165201187,0.018683433532714844,0.08669774234294891,0.02087310329079628
4,0.09162082523107529,0.4421254098415375,0.005189971532672644,0.12013411521911621,0.00039009650936350226,0.035769082605838776,0.0927899032831192,0.019560320302844048,0.0074125188402831554,0.026352355256676674,0.9769366383552551,0.003726257011294365
5,0.011836220510303974,0.0011609403882175684,0.0037914521526545286,0.0007702656439505517,0.00024442104040645063,0.07368069887161255,0.9940422177314758,0.00901046022772789,0.009867366403341293,0.005381919909268618,0.0011146654142066836,0.0002538824628572911
6,0.0037102990318089724,0.0004753773391712457,0.004909762647002935,0.0020443471148610115,0.0003518088487908244,0.016190698370337486,0.9924291968345642,0.05357697233557701,0.006055963225662708,0.0025636153295636177,0.0046202680096030235,0.0014632702805101871
7,0.01388934999704361,0.9880451560020447,0.0022340998984873295,0.06557201594114304,0.017677363008260727,0.1656292974948883,0.0055794911459088326,0.9776033163070679,0.0075838458724319935,0.15118402242660522,0.03912011533975601,0.000719389645382762
8,0.0683981403708458,0.0010296970140188932,0.04908581078052521,0.14557388424873352,0.9709061980247498,0.014634417369961739,0.01693129539489746,0.005852265749126673,0.003560161916539073,0.01587446965277195,0.016725055873394012,0.1209055483341217
9,0.05557364597916603,0.03387387469410896,0.2723322808742523,0.8958374857902527,0.962888240814209,0.03244675695896149,0.0014549611369147897,0.006704453378915787,0.04288724809885025,0.028138281777501106,0.9806919097900391,0.0299802515655756
10,0.020652154460549355,0.008476982824504375,1.2463911843951792e-05,0.9043715000152588,0.0047728391364216805,0.004214455373585224,0.003736786777153611,0.9519134759902954,0.10542971640825272,0.014374435879290104,0.08790192008018494,0.9785547852516174
11,0.015556443482637405,0.9277030229568481,0.8956400156021118,0.06982285529375076,0.9482228755950928,0.8483268618583679,0.001244634622707963,0.015250532887876034,0.009715997613966465,0.012926105409860611,0.9770209193229675,0.00018094232655130327
12,0.4882798194885254,0.0006691670860163867,0.893663763999939,0.26089388132095337,0.9867836236953735,0.002609607530757785,0.0040543475188314915,0.0004597571096383035,0.003260345896705985,0.0326472744345665,0.9884138703346252,0.9300950169563293
13,0.003049623453989625,0.014624745585024357,0.04157686606049538,0.00519369775429368,0.005789466667920351,0.009864265099167824,0.0005740588530898094,0.012072071433067322,0.995263934135437,0.0006682665552943945,0.994595468044281,0.09079725295305252
14,0.008004584349691868,0.05168791487812996,0.9590619802474976,0.04679332301020622,0.06587301939725876,0.41250768303871155,0.007642257027328014,0.007492854725569487,0.008773915469646454,0.07791382819414139,0.04415101185441017,0.000582330278120935
15,0.5646864771842957,0.0014505444560199976,0.9480758309364319,0.08508852124214172,0.9783419370651245,0.00982680730521679,0.011053604073822498,0.0007097850902937353,0.0007844734936952591,0.022539956495165825,0.9471356272697449,0.16455072164535522
16,0.017641719430685043,0.9736627340316772,0.002524161245673895,0.01960684359073639,0.0071386550553143024,0.15336796641349792,0.0030919488053768873,0.9790456295013428,0.013577563688158989,0.0589253306388855,0.047246053814888,0.00031875562854111195
17,0.14307814836502075,0.019978372380137444,0.011504607275128365,0.00816537719219923,0.023230722174048424,0.07199987769126892,0.2763466536998749,0.0063620335422456264,0.01107391994446516,0.008553181774914265,0.8785629868507385,0.005746131297200918
18,0.2598567306995392,0.12282399833202362,0.0025369569193571806,0.02132606692612171,0.0029006439726799726,0.010309905745089054,0.0029773572459816933,0.008396591991186142,0.0004993741167709231,0.9576836824417114,0.002004334470257163,0.00229312083683908
19,0.003660663729533553,8.364139648620039e-05,0.0006826873286627233,0.000346132816048339,1.563690966577269e-05,0.019284989684820175,0.9993419051170349,0.005254305899143219,0.01201995462179184,0.0016840926837176085,6.466622289735824e-05,0.00017051292525138706
20,0.2544539272785187,0.12440579384565353,0.014065669849514961,0.24344338476657867,0.005908777471631765,0.012042421847581863,0.015346566215157509,0.006940110120922327,0.0004145177954342216,0.0770324245095253,0.9906930327415466,0.0005751610151492059
21,0.2416832149028778,0.03343589976429939,0.0008893445483408868,0.0571589469909668,0.007073443848639727,0.007558779325336218,0.012992741540074348,0.014836791902780533,0.0003638327762018889,0.93765789270401,0.00233081984333694,0.00454290397465229
22,0.031230907887220383,0.9803413152694702,0.0003788184258155525,0.9519882202148438,0.018872464075684547,0.026911960914731026,0.012154936790466309,0.05938776209950447,0.001129021868109703,0.9566196203231812,0.01862933114171028,0.04205814003944397
23,0.005385709460824728,0.008476502262055874,0.028475899249315262,0.004523595795035362,0.0009633449371904135,0.001288825529627502,0.010751313529908657,0.0004957676865160465,0.019339080899953842,0.0068895467557013035,0.9984776377677917,0.0007421605405397713
24,0.4169969856739044,0.005292281974107027,0.13542884588241577,0.006916603539139032,0.049300286918878555,0.0037546020466834307,0.018840355798602104,0.0016949581913650036,0.0019687674939632416,0.009023413062095642,0.9740304946899414,0.02190672792494297
25,0.23049968481063843,0.055281806737184525,0.4942125678062439,0.07572195678949356,0.0053120991215109825,0.008383192121982574,0.0038915700279176235,0.0019433615962043405,0.02374149300158024,0.010834483429789543,0.9463066458702087,0.09676870703697205
26,0.010120924562215805,0.0625736340880394,0.06179908663034439,0.0017828979762271047,0.003935710061341524,0.005185534246265888,0.02078617736697197,0.10082904249429703,0.02530309557914734,0.0021619577892124653,0.9945371747016907,0.005512240342795849
27,0.2672683000564575,0.0009363104472868145,0.004434213507920504,0.002145057078450918,0.002400224329903722,0.00922995526343584,0.9716742038726807,0.0051651159301400185,0.0020686746574938297,0.0024276517797261477,0.021448178216814995,0.0031143228989094496
28,0.06538639962673187,0.01587553508579731,0.012670782394707203,0.9404916167259216,0.9645821452140808,0.010861575603485107,0.0005350479623302817,0.02816210314631462,0.0031111829448491335,0.03998826444149017,0.06125395745038986,0.014652491547167301
29,0.011318341828882694,0.9828113317489624,0.02273513562977314,0.002464120276272297,7.121865928638726e-05,0.030229322612285614,0.0021373883355408907,0.031406987458467484,0.013116066344082355,0.014505746774375439,0.9980615973472595,0.00428752601146698
30,0.12463989853858948,0.0002470780455041677,0.001509284251369536,0.0014039749512448907,0.0025971902068704367,0.00831532571464777,0.9898176789283752,0.0032780824694782495,0.0021163909696042538,0.0012193809961900115,0.009838469326496124,0.00310650747269392
31,0.001996763050556183,0.049853142350912094,0.0007558481302112341,0.04023800790309906,0.002820353489369154,0.08378012478351593,0.0045533874072134495,0.9258973598480225,0.9562099575996399,0.02433016709983349,0.025169894099235535,0.012849266640841961
32,0.08964754641056061,0.15240760147571564,0.09802496433258057,0.9424090385437012,0.050346098840236664,0.009214231744408607,0.009031441062688828,0.008107814937829971,0.008167925290763378,0.07281773537397385,0.9809160828590393,0.06585787236690521
33,0.011445093899965286,0.9651051163673401,0.0510299950838089,0.003473001765087247,0.0001245089079020545,0.04685879871249199,0.005089777987450361,0.04052797332406044,0.018829848617315292,0.0066559771075844765,0.9978300929069519,0.013079551979899406
34,0.12070881575345993,0.005708651151508093,0.00035517135984264314,0.0036222480703145266,0.0002722978824749589,0.01204175315797329,0.985205352306366,0.016842110082507133,0.0023335935547947884,0.029326800256967545,0.00022899785835761577,0.0032084528356790543
35,0.011046355590224266,0.00011457150685600936,0.0010952615411952138,0.1612560898065567,0.9506638050079346,0.07837957888841629,9.027987107401714e-05,0.002304837806150317,0.044140227138996124,0.002341640181839466,0.0015177737222984433,0.9968255758285522
36,0.014129213988780975,0.042228423058986664,0.9627192616462708,0.005613282322883606,0.0009996140142902732,0.010860709473490715,0.007852942682802677,0.0027020203415304422,0.014776756055653095,0.0023491482716053724,0.9907441735267639,0.009347612038254738
37,0.006293431855738163,0.0002218815207015723,0.00048403500113636255,0.016138752922415733,0.0010771602392196655,0.008784325793385506,0.0006757333758287132,0.006828904617577791,0.014739197678864002,0.0013708240585401654,0.0037537727039307356,0.9966151118278503
38,0.13955211639404297,0.0418739952147007,0.4995821714401245,0.02814728021621704,0.9713073968887329,0.08312096446752548,0.029098300263285637,0.015419932082295418,0.0031963277142494917,0.026369066908955574,0.9581286311149597,0.021139902994036674
39,0.020934270694851875,0.004750932566821575,0.0007021600613370538,0.0017759932670742273,0.0004339316801633686,0.0043424214236438274,0.0010441357735544443,0.02914746291935444,0.0021116763819009066,0.9830273389816284,0.0003514789859764278,0.004327286034822464
40,0.12039221823215485,0.0034237124491482973,0.07235926389694214,0.09452805668115616,0.9857348799705505,0.023045454174280167,0.0065894220024347305,0.005205583292990923,0.00157103908713907,0.010180405341088772,0.020631637424230576,0.009391507133841515
41,0.6417372226715088,0.13856562972068787,0.08053344488143921,0.20839333534240723,0.026576073840260506,0.008045120164752007,0.010661273263394833,0.009900325909256935,0.028456807136535645,0.013899490237236023,0.9675171971321106,0.9008398652076721
42,0.010405318811535835,0.0005709604592993855,6.357073289109394e-05,0.9796373248100281,0.034543246030807495,0.001059336238540709,0.0006949105300009251,0.003361698007211089,0.04485848546028137,0.970925509929657,0.0004813846608158201,0.9857195019721985
43,0.03339042514562607,6.682801904389635e-05,5.904902718611993e-05,0.018776539713144302,7.459726475644857e-05,0.00046700829989276826,0.9961091876029968,0.010095207951962948,0.0024744244292378426,0.002431942382827401,0.0002471159677952528,0.03393556922674179
44,0.2322799414396286,0.025783013552427292,0.8951668739318848,0.15777091681957245,0.9686236381530762,0.020556163042783737,0.005640653893351555,0.0006117617012932897,0.0001501848455518484,0.010305192321538925,0.9944626688957214,0.04011884704232216
45,0.13183440268039703,0.07298457622528076,0.9046244621276855,0.27774378657341003,0.0635952576994896,0.016243746504187584,0.010652013123035431,0.0026936158537864685,0.0017501391703262925,0.018488962203264236,0.9859917759895325,0.017790643498301506
46,0.01849587820470333,0.0006526106153614819,0.0005854119081050158,0.15412747859954834,0.015261371619999409,0.05201544985175133,0.009850019589066505,0.04167482256889343,0.8733201622962952,0.005266849417239428,0.02682024985551834,0.9809522032737732
47,0.0705181285738945,0.08893470466136932,0.9241211414337158,0.1569175124168396,0.2383103370666504,0.18249188363552094,0.001221143058501184,0.00891107227653265,0.06720936298370361,0.04745730012655258,0.08523684740066528,0.009164702147245407
48,0.02965720370411873,0.9905875325202942,0.04079060256481171,0.006901720073074102,0.0001281910517718643,0.07643385231494904,0.0027599746827036142,0.011395260691642761,0.0037460539024323225,0.005722598638385534,0.997849702835083,0.013598494231700897
49,0.021279778331518173,0.007710887119174004,0.9662846326828003,0.009764262475073338,0.0483531691133976,0.00851057842373848,0.006835608277469873,0.0018312529427930713,0.006405165418982506,0.002190294209867716,0.9871770143508911,0.0031383486930280924
50,0.04090111702680588,0.03687838837504387,0.9214864373207092,0.08479275554418564,0.11242459714412689,0.19270552694797516,0.0049530151300132275,0.008323894813656807,0.009891971945762634,0.0054962835274636745,0.026192110031843185,0.014528948813676834
51,0.012745368294417858,0.010715259239077568,0.9720271825790405,0.004797837231308222,0.016565151512622833,0.009298255667090416,0.004365481436252594,0.00316312862560153,0.010785885155200958,0.0021079066209495068,0.9885039925575256,0.0028555821627378464
52,0.014820951037108898,0.0034144592937082052,0.28893864154815674,0.04653393104672432,0.985797107219696,0.0676673874258995,0.0005240278551355004,0.0013961297227069736,0.013242042623460293,0.0647122785449028,0.01774652861058712,0.014333405531942844
53,0.4103256165981293,0.0016299992566928267,0.9677262306213379,0.015595026314258575,0.9942187070846558,0.025343669578433037,0.012401222251355648,0.000801214249804616,0.0005715256556868553,0.014092259109020233,0.9534861445426941,0.05807948112487793
54,0.015007443726062775,0.005735780578106642,0.9322535991668701,0.004433171823620796,0.014940410852432251,0.007268115412443876,0.006919797044247389,0.00292612100020051,0.03988972306251526,0.0016755921533331275,0.9949880838394165,0.005981889087706804
55,0.20058593153953552,0.007448309566825628,0.005554192699491978,0.9242867827415466,0.11733023822307587,0.0012148595415055752,0.005966391414403915,0.011537134647369385,0.07867176830768585,0.0420362651348114,0.04824548587203026,0.9826197624206543
56,0.5880146026611328,0.0005372656160034239,0.9683142304420471,0.07756803184747696,0.9883022904396057,0.0040617226622998714,0.012301638722419739,0.00031117958133108914,0.0008647074573673308,0.013924922794103622,0.9960576295852661,0.6374911665916443
57,0.09081506729125977,0.006693605333566666,0.003407758194953203,0.009019401855766773,6.665115506621078e-05,0.005038261879235506,0.9860553741455078,0.017579181119799614,0.002597254468128085,0.01264234073460102,0.006590970326215029,0.01356049720197916
58,0.012266930192708969,0.0014026712160557508,0.00242122495546937,0.0037001161836087704,6.451993249356747e-05,0.0064005483873188496,0.9977210164070129,0.0031785620376467705,0.0012349813478067517,0.010741859674453735,4.2598323489073664e-05,0.002427715342491865
59,0.01631706766784191,0.0006591005949303508,0.004679743200540543,0.0018095477716997266,0.000119988908409141,0.01624942384660244,0.9977291226387024,0.008113173767924309,0.004257594235241413,0.006498162169009447,0.0007232914795167744,0.0005692862905561924
60,0.0356057807803154,0.001110097742639482,0.011561271734535694,0.0009161548223346472,6.113552080933005e-05,0.009224174544215202,0.9941021800041199,0.010049261152744293,0.002034388016909361,0.008013900369405746,0.0024634357541799545,0.00039066269528120756
61,0.0607779398560524,0.0009985208744183183,0.03289444372057915,0.0026443679817020893,0.0006077868165448308,0.02114255353808403,0.9893552660942078,0.01472715474665165,0.0047387839294970036,0.0040754759684205055,0.015105176717042923,0.0012845277087762952
62,0.70609050989151,0.04557988420128822,0.04671141132712364,0.03489284962415695,0.020452722907066345,0.016439253464341164,0.01266518235206604,0.01781945489346981,0.00046018764260225,0.285442590713501,0.04697563499212265,0.0009389364859089255
63,0.006395525764673948,0.08139228075742722,0.0405050665140152,0.013480610214173794,0.0008565455791540444,0.008329430595040321,0.013870625756680965,0.020915023982524872,0.01579134725034237,0.005995940417051315,0.9960426092147827,0.0033695176243782043
64,0.013802463188767433,0.0099664106965065,0.0029096512589603662,0.005439440254122019,0.005607482977211475,0.034532178193330765,0.016617145389318466,0.9751082062721252,0.027943583205342293,0.02471383847296238,0.006071945186704397,0.022368628531694412
65,0.00869690626859665,0.0009321309044025838,0.04815777391195297,0.0014638437423855066,0.00013474533625412732,0.0038143235724419355,0.9645008444786072,0.09073662757873535,0.002806268632411957,0.0030107456259429455,0.08648785948753357,0.0012843142030760646
66,0.047765858471393585,0.9882303476333618,0.0007237658719532192,0.01445101760327816,0.00026176919345743954,0.049871597439050674,0.00833702739328146,0.017758077010512352,0.00022211649047676474,0.957770586013794,0.011057154275476933,0.0034251511096954346
67,0.03105771355330944,0.005796846002340317,0.008044952526688576,0.012396639212965965,0.0008262524497695267,0.025200404226779938,0.9902280569076538,0.03289909288287163,0.017342934384942055,0.027220383286476135,0.005802177358418703,0.01613970659673214
68,0.010570184327661991,0.0002306423702975735,0.0010142505634576082,0.0008804161916486919,3.283282421762124e-05,0.0069024586118757725,0.9991987347602844,0.007531684823334217,0.0019023402128368616,0.002666909946128726,0.00010614670463837683,0.0003382203576620668
69,0.008485146798193455,0.04302990809082985,0.0006012737867422402,0.0025572972372174263,0.0008393906755372882,0.02320677973330021,0.005267814267426729,0.9871642589569092,0.013802476227283478,0.022286012768745422,0.0068353042006492615,0.006904155015945435
70,0.0551593117415905,0.001312008942477405,0.003406239440664649,0.022795746102929115,0.001166834612376988,0.010762760415673256,0.9865866899490356,0.12161915004253387,0.023340517655014992,0.004574684891849756,0.005194335710257292,0.0505848154425621
71,0.06967262178659439,0.000846347538754344,0.005530463065952063,0.026816871017217636,0.0010641234694048762,0.00660869013518095,0.9919022917747498,0.02602902427315712,0.007616213522851467,0.004239402711391449,0.005374270491302013,0.02928837016224861
72,0.012711327522993088,0.031484417617321014,0.020417841151356697,0.0055286879651248455,9.63396014412865e-05,0.0536230206489563,0.9545227289199829,0.01406159158796072,0.009056834504008293,0.022260334342718124,0.09881283342838287,0.0004083770327270031
73,0.02140137366950512,0.09044655412435532,0.0019895099103450775,0.010620887391269207,0.004282789770513773,0.04496122896671295,0.013937199488282204,0.9744344353675842,0.01222966331988573,0.06470942497253418,0.01049810741096735,0.013095973059535027
74,0.003931267186999321,0.0007068685372360051,0.004282447975128889,0.0012812071945518255,3.572363857529126e-05,0.0013776302803307772,0.9686370491981506,0.34759899973869324,0.0014507274609059095,0.0018043065210804343,0.0374799519777298,0.0012849430786445737
75,0.1506170630455017,0.003598059993237257,0.003785531036555767,0.0016260698903352022,0.004596786107867956,0.0682503804564476,0.9723145961761475,0.013685338199138641,0.006860368885099888,0.004504743032157421,0.022527525201439857,0.0017198584973812103
76,0.001861080527305603,0.036561790853738785,0.013251516036689281,0.0013725085882470012,0.054707642644643784,0.9011160135269165,0.00449018320068717,0.0317387655377388,0.9557202458381653,0.005147353280335665,0.012705535627901554,0.0042659817263484
77,0.011853734962642193,0.03206121549010277,0.005412970669567585,0.02095569483935833,0.012285224162042141,0.03432029113173485,0.024838291108608246,0.953840434551239,0.17879022657871246,0.009118129499256611,0.07089845091104507,0.011831157840788364
78,0.00176508619915694,0.02953745797276497,0.035403598099946976,0.005281960126012564,0.011146016418933868,0.036524027585983276,0.0003533695125952363,0.03396950289607048,0.9985411167144775,0.00048297352623194456,0.9779022932052612,0.030148470774292946
79,0.007755077909678221,3.954050407628529e-05,0.001445596688427031,0.006443216931074858,8.629573130747303e-05,0.0008866657735779881,0.9989563226699829,0.016415853053331375,0.0009387696627527475,0.0008953314390964806,0.0001816180010791868,0.014418638311326504
80,0.02407287061214447,0.004224285949021578,0.009681379422545433,0.006365738809108734,0.00048166600754484534,0.02506822533905506,0.9927464127540588,0.02435147389769554,0.015646813437342644,0.019656267017126083,0.0059473831206560135,0.008168250322341919
81,0.045939020812511444,0.0025793996173888445,0.006244548596441746,0.008490885607898235,0.002104284008964896,0.05410434678196907,0.9904451370239258,0.034639034420251846,0.011309860274195671,0.00849068071693182,0.0023473172914236784,0.002255147323012352
82,0.013861581683158875,0.0234978087246418,0.01452078577131033,0.00749921565875411,0.0004676945973187685,0.0792762041091919,0.9763422012329102,0.020397456362843513,0.014542997814714909,0.013459369540214539,0.040114063769578934,0.0008766839164309204
83,0.015460961498320103,0.047769978642463684,0.00017453650070820004,0.002360537415370345,0.00031282362760975957,0.016439639031887054,0.005865513812750578,0.9598396420478821,0.0034345488529652357,0.018939824774861336,0.011216999962925911,0.012660078704357147
84,0.043904468417167664,0.00792856328189373,0.010419867001473904,0.011846045963466167,0.002223348943516612,0.044419173151254654,0.982210636138916,0.03926162049174309,0.025438478216528893,0.049063459038734436,0.007426635827869177,0.015648839995265007
85,0.0028557749465107918,0.21151433885097504,0.08982746303081512,0.02163742296397686,0.006393432151526213,0.7572206258773804,0.0012870407663285732,0.0620831660926342,0.09492671489715576,0.005999812390655279,0.009782512672245502,0.020656568929553032
86,0.03199462965130806,0.0009592541609890759,0.018490318208932877,0.19827814400196075,0.8856595158576965,0.17182664573192596,0.0022098382469266653,0.008579760789871216,0.09926296770572662,0.012149355374276638,0.014752942137420177,0.9765600562095642
87,0.017901116982102394,3.258067954448052e-05,0.0004907612456008792,0.010339036583900452,5.0018927140627056e-05,0.00045156452688388526,0.995772659778595,0.04304814338684082,0.007160771172493696,0.0006231943261809647,0.0026408927515149117,0.034313976764678955
88,0.03390958160161972,0.0006242283852770925,0.0038119058590382338,0.001836599432863295,0.00033305739634670317,0.0279640331864357,0.9917489290237427,0.004090466070920229,0.011593771167099476,0.027661381289362907,0.0007146355928853154,0.0016338193090632558
89,0.004110192880034447,0.00010630046017467976,0.018919071182608604,0.0016926772659644485,0.0002278791944263503,0.014833307825028896,0.9975679516792297,0.01127448957413435,0.013095676898956299,0.0010650955373421311,0.000839120359160006,0.001004258869215846
90,0.00267038494348526,0.008402740582823753,0.9606749415397644,0.0014597594272345304,0.05007329210639,0.21670664846897125,0.00011793045268859714,0.0006237695924937725,0.01377013884484768,0.013026631437242031,0.007447297219187021,0.0006971459370106459
91,0.0019213129999116063,0.009115837514400482,0.9715465903282166,0.0016143311513587832,0.024398403242230415,0.28249531984329224,0.00012913302634842694,0.0009093137341551483,0.026092838495969772,0.017398735508322716,0.003638236550614238,0.00042356402263976634
92,0.006882737390697002,0.019218685105443,0.979331374168396,0.00352396909147501,0.02615564875304699,0.13563284277915955,0.001550422515720129,0.0019423833582550287,0.058440353721380234,0.02495293691754341,0.06376171857118607,0.0007379674352705479
93,0.019481120631098747,0.0004801883187610656,5.987416807329282e-05,0.021505873650312424,0.003165571251884103,0.008157703094184399,0.0034674101043492556,0.21566052734851837,0.019865384325385094,0.009860139340162277,0.002017753664404154,0.9900816082954407
94,0.027802476659417152,0.0028457753360271454,0.004354465287178755,0.010846448130905628,0.00038893180317245424,0.016291599720716476,0.9952818751335144,0.03063626028597355,0.016850600019097328,0.01336370874196291,0.0024644683580845594,0.012983248569071293
95,0.03105771355330944,0.005796846002340317,0.008044952526688576,0.012396639212965965,0.0008262524497695267,0.025200404226779938,0.9902280569076538,0.03289909288287163,0.017342934384942055,0.027220383286476135,0.005802177358418703,0.01613970659673214
96,0.040692515671253204,0.00028309199842624366,0.0020841278601437807,0.006974642630666494,0.003877355484291911,0.007435682229697704,0.992382824420929,0.0343698188662529,0.0017839777283370495,0.0020610461942851543,0.0055279540829360485,0.0033967350609600544
97,0.03357076644897461,0.010078067891299725,0.011741827242076397,0.008799119852483273,0.0010011980775743723,0.04756322130560875,0.9865931868553162,0.02341797575354576,0.018337927758693695,0.024976428598165512,0.022483820095658302,0.0034118089824914932
98,0.012608423829078674,0.01172164361923933,0.008547510020434856,0.01151815615594387,0.00010389859380666167,0.020031003281474113,0.9896061420440674,0.005198871251195669,0.002269195392727852,0.01744978316128254,0.0006547486991621554,0.0036893775686621666
99,0.017250236123800278,0.0035552631597965956,0.0024466351605951786,0.004151700995862484,8.335181337315589e-05,0.011514866724610329,0.9967657327651978,0.006559763569384813,0.0042221383191645145,0.008422935381531715,0.0004208194150123745,0.002276256214827299
100,0.07654684036970139,0.009854159317910671,0.01835787110030651,0.010896945372223854,0.004046136047691107,0.07265854626893997,0.9626373648643494,0.033198174089193344,0.03933524340391159,0.06440237909555435,0.014089641161262989,0.014690051786601543
101,0.010711707174777985,0.012593810446560383,0.007119530811905861,0.06571056693792343,0.024464109912514687,0.617321789264679,0.07399934530258179,0.08750170469284058,0.759725034236908,0.007048643659800291,0.015151497907936573,0.1778106391429901
102,0.10542739182710648,0.003856649622321129,0.01800512708723545,0.0692967027425766,0.9838191866874695,0.01884555257856846,0.001975057879462838,0.01263357698917389,0.0010474653681740165,0.14039042592048645,0.0027934559620916843,0.01631038635969162
103,0.47678253054618835,0.00797900278121233,0.29704707860946655,0.884967029094696,0.9379241466522217,0.004627620335668325,0.002356237266212702,0.0025795469991862774,0.0006187735707499087,0.20108924806118011,0.9525406360626221,0.11006805300712585
104,0.019826171919703484,0.01960817538201809,0.10135871917009354,0.20027916133403778,0.9422268271446228,0.07919465750455856,0.0013922129292041063,0.17601560056209564,0.08784274756908417,0.008094262331724167,0.08689466118812561,0.015195854939520359
105,0.018063489347696304,0.002628024434670806,0.00558410445228219,0.006225970108062029,0.00038639441481791437,0.025281470268964767,0.9943080544471741,0.02092640846967697,0.014811143279075623,0.017743511125445366,0.0027193333953619003,0.0037719893734902143
106,0.06421937048435211,0.01571470871567726,0.0282699353992939,0.02735644206404686,0.004560702946037054,0.05133502557873726,0.9566716551780701,0.042265526950359344,0.013047057203948498,0.09942565113306046,0.027958305552601814,0.011782344430685043
107,0.012558544054627419,0.0005890108877792954,0.0035125496797263622,0.001876577502116561,0.00021378662495408207,0.012410798110067844,0.9981374740600586,0.007887844927608967,0.006132966373115778,0.008506596088409424,0.0003064796619582921,0.0018229426350444555
108,0.011250150389969349,0.0013391287066042423,0.005010158289223909,0.0027385614812374115,9.646048420108855e-05,0.015713205561041832,0.997816801071167,0.011797728016972542,0.01091957651078701,0.006258836481720209,0.0018197802128270268,0.002244610106572509
109,0.03919050097465515,0.005191253963857889,0.012112515047192574,0.008921623229980469,0.0021105341147631407,0.038594961166381836,0.9859839081764221,0.02694733440876007,0.015565019100904465,0.040851786732673645,0.005706567317247391,0.00818689540028572
110,0.021001815795898438,0.0017530865734443069,0.009022236801683903,0.005185553804039955,0.0005686940858140588,0.04294222220778465,0.9848343133926392,0.0131553178653121,0.011471802368760109,0.018736377358436584,0.02122119441628456,0.0009795738151296973
111,0.053933270275592804,0.008632441982626915,0.014035825617611408,0.014185970649123192,0.0039334786124527454,0.053252119570970535,0.9733980298042297,0.03207989037036896,0.023166485130786896,0.07039228826761246,0.007869863882660866,0.014847612008452415
112,0.01355692557990551,0.0035820689518004656,0.003839214099571109,0.004686159547418356,0.00010648621537256986,0.013150570914149284,0.9959224462509155,0.004067293368279934,0.002667442662641406,0.012295070104300976,0.00020066197612322867,0.0022993849124759436
113,0.01406064536422491,0.0009473053505644202,0.004780058283358812,0.00195479323156178,0.00027285661781206727,0.024464616551995277,0.9964306950569153,0.008574169129133224,0.012480998411774635,0.011675586923956871,0.0008132898947224021,0.002403166377916932
114,0.012558544054627419,0.0005890108877792954,0.0035125496797263622,0.001876577502116561,0.00021378662495408207,0.012410798110067844,0.9981374740600586,0.007887844927608967,0.006132966373115778,0.008506596088409424,0.0003064796619582921,0.0018229426350444555
115,0.046956874430179596,0.007815444841980934,0.012990790419280529,0.013241923414170742,0.00330016459338367,0.048115212470293045,0.9781593084335327,0.02659568563103676,0.01811637170612812,0.06109258905053139,0.006339861545711756,0.011529143899679184
116,0.01406064536422491,0.0009473053505644202,0.004780058283358812,0.00195479323156178,0.00027285661781206727,0.024464616551995277,0.9964306950569153,0.008574169129133224,0.012480998411774635,0.011675586923956871,0.0008132898947224021,0.002403166377916932
117,0.039285529404878616,0.0055337524972856045,0.008643070235848427,0.007147850003093481,0.0013204902643337846,0.04236987978219986,0.9876201748847961,0.023339124396443367,0.024994608014822006,0.03011048585176468,0.0059098838828504086,0.007938350550830364
118,0.039285529404878616,0.0055337524972856045,0.008643070235848427,0.007147850003093481,0.0013204902643337846,0.04236987978219986,0.9876201748847961,0.023339124396443367,0.024994608014822006,0.03011048585176468,0.0059098838828504086,0.007938350550830364
119,0.012558544054627419,0.0005890108877792954,0.0035125496797263622,0.001876577502116561,0.00021378662495408207,0.012410798110067844,0.9981374740600586,0.007887844927608967,0.006132966373115778,0.008506596088409424,0.0003064796619582921,0.0018229426350444555
120,0.02685246616601944,0.005159006454050541,0.019278492778539658,0.012027080170810223,0.0020091638434678316,0.03693988546729088,0.9836154580116272,0.025441981852054596,0.011286322958767414,0.04491622745990753,0.006585309747606516,0.007204779423773289
121,0.04146900027990341,0.003346115816384554,0.0077621773816645145,0.0027720872312784195,0.0007757831481285393,0.07663235068321228,0.9839964509010315,0.016459859907627106,0.05144885927438736,0.018801480531692505,0.0065267495810985565,0.004059310536831617
122,0.03372516855597496,0.0050406791269779205,0.008222865872085094,0.006346982438117266,0.0010755141265690327,0.039812080562114716,0.9898319244384766,0.01820194162428379,0.01771618239581585,0.024657107889652252,0.004665605258196592,0.0057016233913600445
123,0.0047752815298736095,0.00016259014955721796,0.029330430552363396,0.0025418871082365513,0.00017764668154995888,0.0063146608881652355,0.9909197092056274,0.05775094032287598,0.016785308718681335,0.002257631393149495,0.0017790172714740038,0.007051297463476658
124,0.016927454620599747,0.0030736320186406374,0.0058295936323702335,0.009718980640172958,0.0004888502880930901,0.014881827868521214,0.9809947609901428,0.032547902315855026,0.0036846883594989777,0.01303722895681858,0.005498056765645742,0.0022375111002475023
125,0.021001800894737244,0.0017530865734443069,0.009022227488458157,0.005185556598007679,0.0005686943186447024,0.04294227063655853,0.9848343133926392,0.013155324384570122,0.011471835896372795,0.01873638480901718,0.021221168339252472,0.0009795742807909846
126,0.012110656127333641,0.00043248714064247906,0.002339754020795226,0.001250425004400313,0.00013270971248857677,0.011412795633077621,0.9986011385917664,0.006523516029119492,0.005324285477399826,0.006451879628002644,0.00015925700427033007,0.0012232961598783731
127,0.03176969662308693,0.003688899101689458,0.008529421873390675,0.008195615373551846,0.0018131290562450886,0.0323295071721077,0.9875268340110779,0.02103843167424202,0.012752972543239594,0.0475483164191246,0.002207171404734254,0.008414095267653465
128,0.048753637820482254,0.007669814862310886,0.011434627696871758,0.012312552891671658,0.002890324220061302,0.04529993608593941,0.9782432317733765,0.03302640840411186,0.02121157944202423,0.0645027682185173,0.006316596642136574,0.013857879675924778
129,0.15362708270549774,0.14720375835895538,0.022943053394556046,0.011483818292617798,0.0023484877310693264,0.007359765004366636,0.0016685978043824434,0.028297267854213715,0.0019697139505296946,0.03426022455096245,0.9700546860694885,0.00036341801751405
130,0.014777706004679203,0.004652318079024553,0.003721302142366767,0.005354468710720539,9.674421016825363e-05,0.013685621321201324,0.9953497052192688,0.004585839807987213,0.002869285875931382,0.013411561958491802,0.00028325882158242166,0.002710925415158272
131,0.01483348198235035,0.0011282563209533691,0.00540449284017086,0.0023127913009375334,0.0002587491471786052,0.019541176036000252,0.9971592426300049,0.01207311823964119,0.010748397558927536,0.01028907299041748,0.0010888775577768683,0.002165784826502204
132,0.0112290745601058,0.0005379579379223287,0.006580775137990713,0.00584477698430419,0.00048334061284549534,0.02262055315077305,0.9775477647781372,0.09740094095468521,0.040360767394304276,0.006075656041502953,0.012028883211314678,0.006257190834730864
133,0.00575350783765316,0.0006608967087231576,0.0014466149732470512,0.0014838115312159061,2.3503929696744308e-05,0.003894461551681161,0.9962729215621948,0.1388087272644043,0.003945633769035339,0.006255554035305977,0.0006420059944503009,0.0018276871414855123
134,0.8924198150634766,0.018843216821551323,0.0022558975033462048,0.005203986074775457,0.0135072385892272,0.026091285049915314,0.04976345971226692,0.0048664589412510395,0.0022897415328770876,0.0293763168156147,0.018230250105261803,0.0067652189172804356
135,0.13863463699817657,0.06439146399497986,0.9048829674720764,0.029926722869277,0.21219663321971893,0.1175316721200943,0.0006096386350691319,0.0054644085466861725,0.010295761749148369,0.04292827099561691,0.044452205300331116,0.00320261437445879
136,0.02668125182390213,0.9838940501213074,0.030805004760622978,0.018005874007940292,0.00015023713058326393,0.028297090902924538,0.0011060881661251187,0.015398706309497356,0.001423192908987403,0.05211060121655464,0.9966567754745483,0.0018590028630569577
137,0.032675568014383316,0.00632739020511508,0.01664276048541069,0.012693597003817558,0.0010440780315548182,0.02699965238571167,0.9839979410171509,0.023286251351237297,0.0062057338654994965,0.040875982493162155,0.021827807649970055,0.003164232475683093
138,0.0013059355551376939,0.0010189852910116315,0.011636387556791306,0.0025459465105086565,2.5109542548307218e-05,0.01644674874842167,0.9877596497535706,0.04089806601405144,0.033314503729343414,0.0021219714544713497,0.007071739062666893,0.0014061962720006704
139,0.020437702536582947,0.0019653253257274628,0.0056166634894907475,0.0036049920599907637,0.00041956049972213805,0.025472788140177727,0.9954043626785278,0.016089703887701035,0.01650874875485897,0.014870948158204556,0.0017660510493442416,0.0043551125563681126
140,0.003962426446378231,0.00025306371389888227,0.0011839444050565362,0.0015514991246163845,1.1442721188359428e-05,0.0022576991468667984,0.999427080154419,0.012346283532679081,0.0021652881987392902,0.003248088527470827,0.00017032783944159746,0.0015354033093899488
141,0.053933270275592804,0.008632441982626915,0.014035825617611408,0.014185970649123192,0.0039334786124527454,0.053252119570970535,0.9733980298042297,0.03207989037036896,0.023166485130786896,0.07039228826761246,0.007869863882660866,0.014847612008452415
142,0.005243674386292696,0.0013487725518643856,0.010979079641401768,0.004868075717240572,0.00015578733291476965,0.0678500086069107,0.9894279837608337,0.010334627702832222,0.03381579369306564,0.00936452578753233,0.0006879478460177779,0.0012115240097045898
143,0.668998658657074,0.38768792152404785,0.0015920541482046247,0.027963029220700264,0.00837381836026907,0.04414655640721321,0.051842208951711655,0.035177189856767654,0.0011833935277536511,0.27761924266815186,0.21969926357269287,0.010777442716062069
144,0.04904923588037491,0.01132345013320446,0.013354746624827385,0.018850067630410194,0.0023997665848582983,0.04048795625567436,0.9765457510948181,0.043074194341897964,0.020415227860212326,0.0680355653166771,0.009044940583407879,0.02303982898592949
145,0.015616246499121189,0.04203109070658684,0.0020770393311977386,0.06883790343999863,0.01805257424712181,0.014462606981396675,0.014259000308811665,0.979534387588501,0.08359812200069427,0.013215426355600357,0.1249455139040947,0.028983796015381813
146,0.16523072123527527,0.015677887946367264,0.95814049243927,0.11919278651475906,0.032847460359334946,0.01437219325453043,0.0008150156936608255,0.0007780062733218074,0.002317000413313508,0.0072789266705513,0.0607089139521122,0.049250997602939606
147,0.058346547186374664,0.0019563930109143257,0.00033324857940897346,0.0015025237808004022,0.00011304805229883641,0.014763529412448406,0.9949136972427368,0.010380429215729237,0.004350475035607815,0.014055107720196247,9.628220141166821e-05,0.0009805415757000446
148,0.10257436335086823,0.011190402321517467,0.029224077239632607,0.045378364622592926,0.9667755365371704,0.1490793228149414,0.014055542647838593,0.004120920319110155,0.01078074797987938,0.019117290154099464,0.05148383602499962,0.07987599074840546
149,0.010797002352774143,0.9925758838653564,0.011438940651714802,0.0030163172632455826,4.6397570258704945e-05,0.042586393654346466,0.0023848724085837603,0.04830674082040787,0.01170415710657835,0.01798364147543907,0.9975443482398987,0.004362910520285368
150,0.07040829956531525,0.12620633840560913,0.020327700302004814,0.11316395550966263,0.010719015263020992,0.008814120665192604,0.013395942747592926,0.018781429156661034,0.02874946780502796,0.08972267061471939,0.029041815549135208,0.9741539359092712
151,0.02100181207060814,0.0017530858749523759,0.009022222831845284,0.005185549147427082,0.0005686940858140588,0.04294223338365555,0.9848343133926392,0.0131553178653121,0.0114718247205019,0.01873636245727539,0.021221190690994263,0.0009795742807909846
152,0.011572600342333317,0.0008717900491319597,0.0029393937438726425,0.0032309715170413256,0.00010308893979527056,0.015379010699689388,0.9980304837226868,0.01660251058638096,0.01673823595046997,0.0050379009917378426,0.0007277718978002667,0.004704916849732399
153,0.0099114328622818,0.980686366558075,0.010816463269293308,0.005098589695990086,2.8945039957761765e-05,0.03231844678521156,0.0027399032842367887,0.06636276096105576,0.011030182242393494,0.0128429951146245,0.9985792636871338,0.004137137439101934
154,0.07394854724407196,0.03135407716035843,0.9735935926437378,0.06596735864877701,0.17338189482688904,0.023368224501609802,0.001991395838558674,0.0011619903380051255,0.000912955089006573,0.021374467760324478,0.9710982441902161,0.0019072373397648335
155,0.025105416774749756,0.0008566692704334855,0.0068047307431697845,0.16980527341365814,0.8736130595207214,0.10473276674747467,0.0007494435994885862,0.011519307270646095,0.11602883040904999,0.008262688294053078,0.01005428098142147,0.9782821536064148
156,0.03734093904495239,0.15615732967853546,0.11247033625841141,0.21779115498065948,0.9848077297210693,0.09718206524848938,7.439579349011183e-05,0.01711820438504219,0.0027144807390868664,0.04800741747021675,0.028925536200404167,0.0010590935125946999
157,0.004174527712166309,0.009250105358660221,0.09847836196422577,0.022727441042661667,0.04884717985987663,0.07095076888799667,0.0001337149878963828,0.020584387704730034,0.9749256372451782,0.0010177415097132325,0.046429648995399475,0.07178226113319397
158,0.024715688079595566,0.00041241501457989216,0.0012600781628862023,0.1553264558315277,0.40651848912239075,0.07917275279760361,0.002351342933252454,0.004754850175231695,0.20939068496227264,0.01492883637547493,0.007481239270418882,0.9848264455795288
159,0.030016036704182625,0.0010195518843829632,0.010384594090282917,0.061562031507492065,0.013642261736094952,0.015348375774919987,0.9877268671989441,0.030199773609638214,0.010769778862595558,0.006582764443010092,0.010022725909948349,0.07135975360870361
160,0.030463291332125664,0.0004998708609491587,0.00886472500860691,0.09436380863189697,0.9478527903556824,0.12140502035617828,0.0004749794607050717,0.004383957479149103,0.07918564975261688,0.004087644629180431,0.02063838392496109,0.9831909537315369
161,0.011243012733757496,0.004258378408849239,0.00022815573902335018,0.7606707215309143,0.060267090797424316,0.1140550822019577,0.0010018431348726153,0.011731811799108982,0.0316426046192646,0.009589310735464096,0.001414890750311315,0.9973140358924866
162,0.019888626411557198,0.0013437758898362517,0.0002963557781185955,0.8300964832305908,0.01994483731687069,0.02641858160495758,0.031674209982156754,0.1520320028066635,0.30045458674430847,0.012900225818157196,0.003853410016745329,0.9832286834716797
163,0.015709009021520615,0.9893291592597961,0.009523340500891209,0.01740458235144615,2.827441130648367e-05,0.0525956004858017,0.0030957269482314587,0.02002187818288803,0.002312063006684184,0.010928153991699219,0.9985314607620239,0.01965934969484806
164,0.01340488251298666,0.9943069815635681,0.012223397381603718,0.008478931151330471,2.3290596800507046e-05,0.09342974424362183,0.006048284471035004,0.01921534165740013,0.0017401062650606036,0.008292884565889835,0.9968172311782837,0.0142179811373353
165,0.006157081574201584,0.10393298417329788,0.00012988435628358275,0.05722450092434883,0.0007759705185890198,0.0010901230853050947,0.004146143328398466,0.9807966947555542,0.05862008407711983,0.0038375495932996273,0.9829825758934021,0.026665830984711647
166,0.017489831894636154,0.0018223883816972375,0.003947339486330748,0.0832698792219162,0.013022739440202713,0.0561937540769577,0.005265378393232822,0.0226907916367054,0.12119334936141968,0.0020677782595157623,0.004993792623281479,0.9935439825057983
167,0.03778199478983879,0.004757953807711601,0.007273687981069088,0.00540640763938427,0.000926441338378936,0.034825365990400314,0.9898967742919922,0.02358393371105194,0.015005295164883137,0.025288041681051254,0.005007266066968441,0.004161585588008165
168,0.03390538692474365,0.003356996225193143,0.019437143579125404,0.010929608717560768,0.0010251108324155211,0.020007021725177765,0.9835377335548401,0.018210960552096367,0.00434260256588459,0.04980315640568733,0.014814895577728748,0.0034698396921157837
169,0.0011080633848905563,0.11777856945991516,0.06029380112886429,0.009442861191928387,0.0007112733437679708,0.8004899621009827,0.0004402733175083995,0.01593095250427723,0.10918327420949936,0.002832807134836912,0.002286134287714958,0.03066989593207836
170,0.010213700123131275,0.009067381732165813,0.009332416579127312,0.059839531779289246,0.01005562487989664,0.009162100031971931,0.00032559660030528903,0.0030891280621290207,0.011972029693424702,0.9858403205871582,0.0008626554044894874,0.0038447219412773848
171,0.007672620937228203,0.0005012729670852423,0.0017063022824004292,0.0020131126511842012,0.00011931994959013537,0.03837499022483826,0.9966496825218201,0.016354549676179886,0.025440895929932594,0.0038200500421226025,0.00045659218449145555,0.0006446482730098069
172,0.0005914419889450073,0.005232811439782381,9.788668648980092e-07,0.000745047873351723,2.2271438027132717e-08,0.00010902273788815364,0.9981643557548523,0.004538414534181356,5.052653705206467e-06,0.026205480098724365,8.701862680027261e-05,1.4322799870569725e-05
173,0.005647558253258467,0.003475127974525094,0.0015981551259756088,0.007434411905705929,2.0278246665839106e-05,0.0033183658961206675,0.9967427849769592,0.048907116055488586,0.003118309425190091,0.007116473745554686,0.00415817042812705,0.0031185701955109835
174,0.1580801159143448,0.002490576822310686,0.0205334834754467,0.0032449408899992704,0.1382463425397873,0.033247675746679306,0.9329418540000916,0.005626304540783167,0.0016435126308351755,0.00449899910017848,0.14643029868602753,0.005496365018188953
175,0.010102987289428711,0.00019507411343511194,0.0004849785182159394,0.131328746676445,0.04697555676102638,0.024020465090870857,0.0004897635080851614,0.02052794210612774,0.860113799571991,0.009757762774825096,0.022463971748948097,0.9937236905097961
176,0.013605347834527493,0.006014247890561819,0.0003088891680818051,0.8081927299499512,0.061698101460933685,0.10326281934976578,0.0014590416103601456,0.014582003466784954,0.0192033052444458,0.00700345728546381,0.001923790667206049,0.9981581568717957
177,0.030082974582910538,0.0020332953426986933,0.01524430513381958,0.057173267006874084,0.0434875562787056,0.08309754729270935,0.9393979907035828,0.015351359732449055,0.006775996182113886,0.0822649598121643,0.017625249922275543,0.0033550902735441923
178,0.057365138083696365,0.00248255068436265,0.00974151212722063,0.001971043646335602,0.0005023754783906043,0.0508253239095211,0.9891036748886108,0.01549872849136591,0.009446091018617153,0.006876801606267691,0.003236421849578619,0.0008812206797301769
179,0.03549240529537201,0.006836806423962116,0.013339599594473839,0.014272323809564114,0.0016534894239157438,0.03380738943815231,0.9838310480117798,0.039911605417728424,0.016164129599928856,0.04927447810769081,0.00583878718316555,0.012923909351229668
180,0.007858676835894585,0.001034537679515779,0.009908260777592659,0.00229635345749557,6.177171599119902e-05,0.012629568576812744,0.9976651668548584,0.006187566090375185,0.005196711514145136,0.007083913777023554,0.002138271229341626,0.0013965227408334613
181,0.03681624308228493,0.10324888676404953,0.9423573613166809,0.009144256822764874,0.0010176653740927577,0.02512114867568016,0.0027780213858932257,0.002090471563860774,0.012601539492607117,0.004696314688771963,0.9847495555877686,0.010097738355398178
182,0.01221446506679058,0.03522181883454323,0.05247373878955841,0.013752613216638565,0.008440441451966763,0.0284512210637331,0.005085865501314402,0.16455967724323273,0.9721060395240784,0.0015591928968206048,0.9720990061759949,0.08268768340349197
183,0.011572600342333317,0.0008717900491319597,0.0029393937438726425,0.0032309715170413256,0.00010308893979527056,0.015379010699689388,0.9980304837226868,0.01660251058638096,0.01673823595046997,0.0050379009917378426,0.0007277718978002667,0.004704916849732399
184,0.013946586288511753,0.017428288236260414,0.07688651978969574,0.07123742252588272,0.0057612815871834755,0.039081837981939316,0.001665242831222713,0.006879423279315233,0.018930470570921898,0.9743859767913818,0.004123609978705645,0.00312038348056376
185,0.15545286238193512,0.010436508804559708,0.0006304393173195422,0.0033272013533860445,0.00036378059303388,0.02995174564421177,0.9737986326217651,0.02138575166463852,0.007876073010265827,0.0337880402803421,0.0007314500398933887,0.002572310157120228
186,0.1847248524427414,0.008177240379154682,0.001752151409164071,0.0019325918983668089,0.0016267821192741394,0.047989651560783386,0.9389102458953857,0.0104800034314394,0.0024165003560483456,0.006743673700839281,0.04917522892355919,0.0005855218041688204
187,0.016595831140875816,0.018789080902934074,0.018896861001849174,0.02472192980349064,0.031781841069459915,0.029593421146273613,0.0008631717646494508,0.004847955424338579,0.004259779583662748,0.9848195314407349,0.0011347163235768676,0.0014365563401952386
188,0.019413750618696213,0.013773790560662746,0.011088555678725243,0.009922786615788937,0.0004702598962467164,0.022706856951117516,0.012029358185827732,0.013021053746342659,0.027584828436374664,0.9844485521316528,0.006718742661178112,0.0036157246213406324
189,0.3876098692417145,0.9598740339279175,0.002106115920469165,0.015098090283572674,0.0007224352448247373,0.11501584202051163,0.006344916298985481,0.0132606728002429,0.0024318902287632227,0.029349610209465027,0.9845400452613831,0.0025423357728868723
190,0.010213077999651432,0.0002982679579872638,0.01360528264194727,0.0009411966893821955,3.7215231714071706e-05,0.0052549936808645725,0.9987624883651733,0.006320061162114143,0.0019550425931811333,0.00279550370760262,0.0009308369481004775,0.0004792117979377508
191,0.029520807787775993,0.0044204615987837315,0.006084658205509186,0.006532403640449047,0.0008206661441363394,0.027272067964076996,0.9912410378456116,0.03350977227091789,0.012743663974106312,0.027014320716261864,0.004372039809823036,0.004868884105235338
192,0.02583904191851616,0.00506146065890789,0.01383680198341608,0.007557069417089224,0.0013573516625910997,0.043163951486349106,0.988527774810791,0.02948242984712124,0.014276034198701382,0.025465141981840134,0.008862726390361786,0.003731695469468832
193,0.04254503920674324,0.008065294474363327,0.004319291561841965,0.01038576103746891,0.0007986606797203422,0.027102923020720482,0.9853643774986267,0.045842744410037994,0.019697442650794983,0.04612300917506218,0.006294212769716978,0.011341683566570282
194,0.04254503920674324,0.008065294474363327,0.004319291561841965,0.01038576103746891,0.0007986606797203422,0.027102923020720482,0.9853643774986267,0.045842744410037994,0.019697442650794983,0.04612300917506218,0.006294212769716978,0.011341683566570282
195,0.007382128853350878,0.00168190139811486,0.0026761717163026333,0.005128303077071905,4.6344193833647296e-05,0.0037192553281784058,0.98780357837677,0.16996465623378754,0.01718057319521904,0.003866109997034073,0.018088465556502342,0.027250127866864204
196,0.021865611895918846,0.02659793384373188,0.01423967070877552,0.006566046737134457,0.00010703432781156152,0.03137774020433426,0.9821515083312988,0.006331432610750198,0.009874086827039719,0.014410069212317467,0.008786519058048725,0.002576540457084775
197,0.018383068963885307,0.006841388996690512,0.005101432558149099,0.009980403818190098,0.0004995145718567073,0.03164541721343994,0.9855329394340515,0.05729537829756737,0.027123745530843735,0.029687000438570976,0.003463221015408635,0.02595680207014084
198,0.08232178539037704,0.023425299674272537,0.011967078782618046,0.04509666562080383,0.0028619435615837574,0.00854427833110094,0.0018242420628666878,0.004263454582542181,0.0003754995996132493,0.9842451214790344,0.0028262778650969267,0.0004363768093753606
199,0.0044853114522993565,0.0005107919569127262,5.255530777503736e-05,0.5977426767349243,0.026096586138010025,0.07194986194372177,0.0008414743933826685,0.01838180050253868,0.6017069220542908,0.013129417784512043,0.0015710053266957402,0.9961249232292175
200,0.015453697182238102,0.0013837801525369287,0.0028769157361239195,0.1623925268650055,0.0136107811704278,0.04804104194045067,0.0060388208366930485,0.020122971385717392,0.12366221845149994,0.0019538472406566143,0.004226196091622114,0.9948775172233582
201,0.007068990729749203,0.14215971529483795,0.9453652501106262,0.01186609547585249,0.03491881489753723,0.79648756980896,0.0034696992952376604,0.02418503537774086,0.14393049478530884,0.08818544447422028,0.015583895146846771,0.00031261821277439594
202,0.01406971737742424,0.019157972186803818,0.03807749226689339,0.022793350741267204,0.004335915204137564,0.02871093340218067,0.0008339956402778625,0.004376512952148914,0.0040744212456047535,0.9905171990394592,0.0010012490674853325,0.0007294063689187169
203,0.037887245416641235,0.2260127067565918,0.00014893330808263272,0.9598710536956787,0.025465957820415497,0.0031409631483256817,0.00029434135649353266,0.20391440391540527,0.02170957811176777,0.07516548037528992,0.9617486000061035,0.02040179632604122
204,0.06336461752653122,0.0011384353274479508,0.0002714947913773358,0.3099098205566406,0.07503683865070343,0.007436055224388838,0.02052481099963188,0.10229034721851349,0.08495057374238968,0.025262173265218735,0.024295249953866005,0.9536165595054626
205,0.01707514375448227,0.9893338084220886,0.0036613193806260824,0.03678144887089729,4.404530773172155e-05,0.046067461371421814,0.0019121315563097596,0.05350993573665619,0.0028019086457788944,0.018368689343333244,0.9977579712867737,0.03723118081688881
206,0.031808726489543915,0.0003225032123737037,0.0011871346505358815,0.04757308214902878,0.027393005788326263,0.01636800356209278,0.007907579652965069,0.044908761978149414,0.024658415466547012,0.006799472961574793,0.004113299306482077,0.9919342994689941
207,0.0324363075196743,0.03020755760371685,0.005203524604439735,0.07300002872943878,0.005050721578299999,0.022277357056736946,0.0035134644713252783,0.011784599162638187,0.006206942722201347,0.9877827763557434,0.0014341009082272649,0.003066555131226778
208,0.028445662930607796,0.033407796174287796,0.01493910513818264,0.00873738992959261,0.002710961503908038,0.03334282711148262,0.004708796739578247,0.008405029773712158,0.002397867850959301,0.988634467124939,0.0017145256279036403,0.0005032503977417946
209,0.33802568912506104,0.002354952972382307,0.012968664988875389,0.9326542019844055,0.17166438698768616,0.0007261313730850816,0.014376206323504448,0.006728331558406353,0.0030646533705294132,0.041649848222732544,0.032274700701236725,0.9476152658462524
210,0.0038659279234707355,0.9788541793823242,0.0038065279368311167,0.0047262804582715034,0.0036132519599050283,0.02759082056581974,0.0009267017594538629,0.06843876093626022,0.02218582108616829,0.008406178094446659,0.9965079426765442,0.000870294461492449
211,0.057298727333545685,0.013826694339513779,8.274570063804276e-06,0.9861753582954407,0.013222702778875828,0.0014160715509206057,0.002549096941947937,0.1703190952539444,0.004150740802288055,0.09367527067661285,0.018139882013201714,0.029319489374756813
212,0.004613347817212343,0.03765718638896942,0.06625757366418839,0.023387810215353966,0.03827368840575218,0.13460785150527954,0.0002892352931667119,0.261022686958313,0.9574554562568665,0.0015686540864408016,0.09182801842689514,0.05274182930588722
213,0.014254243113100529,0.005065068602561951,0.005735402461141348,0.005040396936237812,0.00012516207061707973,0.01848077028989792,0.9941815733909607,0.013162494637072086,0.005397934932261705,0.015099580399692059,0.00956675224006176,0.0012469978537410498
214,0.04390447959303856,0.007928570732474327,0.010419872589409351,0.011846045963466167,0.0022233498748391867,0.044419173151254654,0.982210636138916,0.039261627942323685,0.025438470765948296,0.049063459038734436,0.007426639553159475,0.015648839995265007
215,0.25477758049964905,0.0007786423084326088,0.018370790407061577,0.8960268497467041,0.9551084041595459,0.0006651610601693392,0.0004929997958242893,0.0013925106031820178,0.002967953449115157,0.07999922335147858,0.02192467637360096,0.9439809918403625
216,0.14154882729053497,0.043703313916921616,0.054563965648412704,0.9742217063903809,0.08093807846307755,0.0012788914609700441,0.0019649972673505545,0.0020814647432416677,0.00018249166896566749,0.8403088450431824,0.9788265228271484,0.021786890923976898
217,0.01861247979104519,0.0125045171007514,0.0014864348340779543,0.8270907998085022,0.037347909063100815,0.11230747401714325,0.008254818618297577,0.015992268919944763,0.00376757699996233,0.004010519944131374,0.0024408346507698298,0.9966519474983215
218,0.08039402216672897,0.0001618418173165992,0.0027555213309824467,0.0037325979210436344,0.007503436878323555,0.021709492430090904,0.9773527383804321,0.005842397455126047,0.004714783281087875,0.006975627038627863,0.004921186249703169,0.020127197727560997
219,0.041145484894514084,0.005704933311790228,0.010390769690275192,0.008417446166276932,0.0018075858242809772,0.043293215334415436,0.9854277968406677,0.024763382971286774,0.02235872857272625,0.037714291363954544,0.00600399449467659,0.009471463039517403
220,0.007459753192961216,0.0009009603527374566,0.013729814440011978,0.004089807625859976,0.00020927321747876704,0.020050683990120888,0.9893038272857666,0.017372138798236847,0.047607045620679855,0.0043404363095760345,0.011902016587555408,0.005464167334139347
221,0.06193990260362625,0.006896704901009798,0.019056372344493866,0.021480856463313103,0.006044496316462755,0.07242914289236069,0.9241206049919128,0.027533775195479393,0.011514350771903992,0.017656369134783745,0.1640324741601944,0.0023263022303581238
222,0.018251052126288414,0.9807974100112915,0.04119439795613289,0.021471602842211723,0.000301718944683671,0.04950130358338356,0.0010969395516440272,0.031264614313840866,0.003881769021973014,0.024374855682253838,0.9970740079879761,0.0014428343856707215
223,0.008785098791122437,0.0011728258104994893,6.266745185712352e-05,0.7184633016586304,0.060150761157274246,0.03843750059604645,0.0002743696386460215,0.0041494169272482395,0.013094691559672356,0.005455850623548031,0.000678952899761498,0.9994706511497498
224,0.02738402597606182,0.023997189477086067,0.01700342446565628,0.02645106054842472,0.0009449358913116157,0.0629924088716507,0.9493331909179688,0.14680081605911255,0.07445163279771805,0.04560111090540886,0.04017921909689903,0.030280491337180138
225,0.07654684036970139,0.009854159317910671,0.01835787110030651,0.010896945372223854,0.004046136047691107,0.07265854626893997,0.9626373648643494,0.033198174089193344,0.03933524340391159,0.06440237909555435,0.014089641161262989,0.014690051786601543
226,0.0066077979281544685,0.0006769045139662921,0.07747524976730347,0.007671723607927561,0.002159559167921543,0.026591984555125237,0.9890957474708557,0.00848265178501606,0.007458108942955732,0.003485174383968115,0.0061828941106796265,0.0015569496899843216
227,0.008585932664573193,0.00589995551854372,0.11232917755842209,0.025495702400803566,0.9765259623527527,0.2264622151851654,0.0006966447690501809,0.007217563688755035,0.1542205512523651,0.02934342995285988,0.018746698275208473,0.020751789212226868
228,0.01410712581127882,0.00013340296573005617,0.003728431649506092,0.0058662863448262215,0.00024380191462114453,0.002438348950818181,0.9960772395133972,0.029233703389763832,0.00862570758908987,0.0006551107508130372,0.011577569879591465,0.04512013867497444
229,0.01098319236189127,0.0010136048076674342,0.0003530728572513908,0.8402915000915527,0.007276212330907583,0.017853327095508575,0.005522396881133318,0.07390650361776352,0.876983642578125,0.013778189197182655,0.027247607707977295,0.9948288798332214
230,0.8573369383811951,0.03699367120862007,0.010475440882146358,0.045610375702381134,0.033736731857061386,0.008743095211684704,0.004189166706055403,0.004175114911049604,0.0005726199597120285,0.15092474222183228,0.05328458175063133,0.004249488934874535
231,0.010433441959321499,0.003516592551022768,0.00015178404282778502,0.5058242678642273,0.028827950358390808,0.11312716454267502,0.004041705746203661,0.011898668482899666,0.07180154323577881,0.012822548858821392,0.0009867323096841574,0.9900692105293274
232,0.022079963237047195,0.008747472427785397,0.006507579702883959,0.15783943235874176,0.009562356397509575,0.1229417696595192,0.014708567410707474,0.03812127932906151,0.056602802127599716,0.001698276842944324,0.009861680679023266,0.9866014122962952
233,0.017504021525382996,0.004369257017970085,0.006964774336665869,0.01820710301399231,0.0021449080668389797,0.003915894776582718,0.016426144167780876,0.09269541501998901,0.9950146079063416,0.0005329595878720284,0.9918545484542847,0.9582726955413818
234,0.04384710639715195,0.03909451514482498,0.0019825242925435305,0.12996675074100494,0.0076265777461230755,0.06869027018547058,0.01372221577912569,0.10563597828149796,0.10609123855829239,0.005581936798989773,0.046011608093976974,0.9883443117141724
235,0.04096156358718872,0.010204930789768696,0.030806655064225197,0.0869891569018364,0.9828906655311584,0.0679212212562561,0.0012233997695147991,0.009196144528687,0.009179092943668365,0.016438590362668037,0.0005103162839077413,0.044590942561626434
236,0.10825763642787933,0.0039533525705337524,0.08739826083183289,0.07317043095827103,0.9753385782241821,0.021926123648881912,7.729810022283345e-05,0.001293440698646009,0.0019921199418604374,0.08866502344608307,0.0041788057424128056,0.01861904002726078
237,0.0027078010607510805,0.00518877524882555,0.023214617744088173,0.017869673669338226,0.02962539717555046,0.1856239140033722,0.0005023517878726125,0.08465476334095001,0.9272994995117188,0.0026876593474298716,0.00987251102924347,0.17684005200862885
238,0.0013575241900980473,0.010655808262526989,0.03219424933195114,0.009517827071249485,0.02257336862385273,0.19274547696113586,0.00020575847884174436,0.14269447326660156,0.9713195562362671,0.0018949763616546988,0.013670593500137329,0.0395328588783741
239,0.036634959280490875,0.004234646447002888,0.013690340332686901,0.00917527824640274,0.0011845631524920464,0.03496380150318146,0.9839525818824768,0.018752342090010643,0.014746075496077538,0.04381086677312851,0.008436858654022217,0.005161011125892401
240,0.00987101998180151,0.00027661590138450265,0.013498218730092049,0.0004013249126728624,3.0338669603224844e-05,0.012092720717191696,0.9971598386764526,0.0014956282684579492,0.004207910504192114,0.002496338216587901,0.0006030583754181862,0.00046741781989112496
241,0.22434628009796143,0.047358859330415726,0.001661555957980454,0.02093539386987686,0.003209733869880438,0.009072605520486832,0.0003106617368757725,0.008297697640955448,0.0006518696318380535,0.955469012260437,0.0028565325774252415,0.0015791910700500011
242,0.09277046471834183,0.1846640557050705,0.011317200027406216,0.045806970447301865,0.007700611371546984,0.0483129546046257,0.0029223854653537273,0.042136307805776596,0.013344565406441689,0.9242270588874817,0.02687537856400013,0.004484276752918959
243,0.009636614471673965,0.0011657419381663203,0.002470200415700674,0.0042546698823571205,0.00027822534320876,0.0377117283642292,0.9956033229827881,0.010942750610411167,0.010729760862886906,0.006923182867467403,0.0001336479326710105,0.0012020121794193983
244,0.01993577554821968,0.003953416366130114,0.014686566777527332,0.008966820314526558,0.00047994893975555897,0.030594555661082268,0.989271879196167,0.01688905991613865,0.010565187782049179,0.03287163004279137,0.006516316439956427,0.003226096509024501
245,0.037539977580308914,0.026765624061226845,0.009766009636223316,0.029486823827028275,0.001388235599733889,0.045790039002895355,0.9647599458694458,0.02972332201898098,0.010575820691883564,0.10924069583415985,0.004937978461384773,0.013526064343750477
246,0.009978127665817738,0.002732159337028861,0.011316580697894096,0.019323911517858505,0.000743985699955374,0.01345047727227211,0.9876186847686768,0.0173756405711174,0.0030413090717047453,0.02245565503835678,0.008641705848276615,0.0016867057420313358
247,0.31121787428855896,0.057867296040058136,0.34121254086494446,0.13090859353542328,0.9369764924049377,0.019661353901028633,0.008371862582862377,0.0019191708415746689,0.0006064784829504788,0.026898421347141266,0.9874781370162964,0.06520535796880722
248,0.06535951048135757,0.0021461250726133585,0.003639536676928401,0.027066834270954132,0.11412417143583298,0.03217766806483269,0.001064092037267983,0.006052480079233646,0.25951147079467773,0.021833620965480804,0.7646297812461853,0.9472218155860901
249,0.0147353895008564,0.9843137264251709,0.01597723923623562,0.028898093849420547,7.393389387289062e-05,0.07447174191474915,0.0019203475676476955,0.05422594025731087,0.004685712978243828,0.03718077391386032,0.9943159222602844,0.00942566990852356
250,0.04282582178711891,0.02720324881374836,0.9250044226646423,0.8788681030273438,0.9704262614250183,0.1259784698486328,0.00046194257447496057,0.004812965169548988,0.003693101927638054,0.053901076316833496,0.1525699943304062,0.0046368190087378025
251,0.08947982639074326,0.02049010805785656,0.07080509513616562,0.2795363664627075,0.9411081671714783,0.07179271429777145,0.011290980502963066,0.0236655343323946,0.001475526369176805,0.045582905411720276,0.0008421490783803165,0.033320795744657516
252,0.011269021779298782,0.01745671033859253,0.13938270509243011,0.0808497816324234,0.05055314302444458,0.14085417985916138,0.000790273305028677,0.06704225391149521,0.9570865631103516,0.0024761022068560123,0.06493933498859406,0.050866179168224335
253,0.06734441220760345,0.02190522290766239,0.0006314038182608783,0.9843336939811707,0.19563762843608856,0.003511932212859392,0.0029454329051077366,0.11661622673273087,0.007049188017845154,0.08109336346387863,0.0072670322842895985,0.047277070581912994
254,0.005930318962782621,0.00030557927675545216,0.0013563210377469659,0.07424163073301315,0.03300120681524277,0.12563753128051758,0.005096483044326305,0.05217380076646805,0.8876082301139832,0.0060084122233092785,0.004111108370125294,0.9464530944824219
255,0.006500890012830496,0.000445970450527966,6.283284892560914e-05,0.4641385078430176,0.03558940440416336,0.05877046287059784,0.0004888584371656179,0.00869187992066145,0.2739134728908539,0.010916678234934807,0.0008514747023582458,0.9979774355888367
256,0.15084141492843628,0.005777446087449789,0.01023801974952221,0.03718532994389534,0.05449723079800606,0.005695207044482231,0.010751799680292606,0.009288711473345757,0.9830119013786316,0.0016825635684654117,0.968952476978302,0.9509693384170532
257,0.01656310074031353,0.00024935088003985584,0.00013259726983960718,0.08165443688631058,0.029002757743000984,0.007509290706366301,0.0009499521693214774,0.012491117231547832,0.10010767728090286,0.019632229581475258,0.0015667702537029982,0.9984404444694519
258,0.03034081496298313,0.0006575844017788768,0.013711121864616871,0.019974801689386368,0.04570460319519043,0.013624546118080616,0.01039319857954979,0.015819720923900604,0.9791683554649353,0.0017650569789111614,0.9165302515029907,0.9690404534339905
259,0.04675552248954773,0.002840297995135188,0.001084382296539843,0.02291058748960495,7.352561806328595e-05,0.0033476841636002064,0.9487980008125305,0.18760403990745544,0.011799379251897335,0.007538756355643272,0.016461310908198357,0.026318516582250595
260,0.006250815931707621,0.00991965364664793,0.0775999054312706,0.0042630694806575775,0.0012381526175886393,0.005393715109676123,0.0054824743419885635,0.010095641948282719,0.968815267086029,0.0005366166587918997,0.9989515542984009,0.16887153685092926
261,0.0016431738622486591,0.007497214246541262,0.16569481790065765,0.0087360804900527,0.005705801770091057,0.2991998493671417,0.0007617510855197906,0.07853682339191437,0.9094418287277222,0.007054660934954882,0.009410789236426353,0.05612938851118088
262,0.02457389421761036,0.0002911124029196799,0.001122991438023746,0.020649287849664688,0.00032435081084258854,0.005099578760564327,0.9964750409126282,0.03180238977074623,0.008625825867056847,0.003817642806097865,0.0003584065707400441,0.024981312453746796
263,0.007257949095219374,0.0008705664658918977,0.0031488025560975075,0.0016040710033848882,5.6923112424556166e-05,0.042720772325992584,0.9952086806297302,0.009854973293840885,0.0177568718791008,0.0063700289465487,0.0008406898705288768,0.00029223470482975245
264,0.010079404339194298,0.9985795021057129,0.004852609243243933,0.0036137287970632315,6.321100045170169e-06,0.07403674721717834,0.003636197419837117,0.009543254040181637,0.0008171175722964108,0.011874043382704258,0.9983624815940857,0.006745040416717529
265,0.12742918729782104,0.0826994776725769,0.012828839011490345,0.015643348917365074,0.15887731313705444,0.7232186794281006,0.04438336566090584,0.03058689832687378,0.19058957695960999,0.014190925285220146,0.08393008261919022,0.06167040020227432
266,0.024632781744003296,0.0006535483407787979,0.0008439090452156961,0.00939189363270998,8.882958354661241e-05,0.0024081075098365545,0.9963141083717346,0.028378283604979515,0.005492339376360178,0.0080190384760499,0.0010635154321789742,0.015819691121578217
267,0.1823684722185135,0.09640802443027496,0.05107078701257706,0.9686945676803589,0.02480739913880825,0.001364992349408567,0.002915286924690008,0.003509343136101961,0.00030091917142271996,0.17127084732055664,0.9920988082885742,0.043323248624801636
268,0.015041985549032688,0.0001296816481044516,0.0002989107742905617,0.01662949100136757,0.010681974701583385,0.008569479919970036,0.0008066026493906975,0.10063454508781433,0.1275731772184372,0.009470291435718536,0.0028421853203326464,0.9823681712150574
269,0.007804969325661659,0.03963451832532883,0.028253618627786636,0.0016406492795795202,0.0004239627451170236,0.0037478110752999783,0.023805569857358932,0.1963813751935959,0.06952142715454102,0.0062860227189958096,0.9902521371841431,0.004352146293967962
270,0.04529106989502907,0.01779039390385151,8.867259748512879e-05,0.0014917970402166247,5.0056005420628935e-05,0.0030112825334072113,0.0007488178671337664,0.013084182515740395,0.00028464599745348096,0.9933822154998779,6.620077328989282e-05,0.00033935336978174746
271,0.002115176059305668,0.10063905268907547,0.21161751449108124,0.009169870056211948,0.06476501375436783,0.8908164501190186,0.010504727251827717,0.018771668896079063,0.17926453053951263,0.009063354693353176,0.010348516516387463,0.0014146785251796246
272,0.012409361079335213,0.00357317877933383,0.0020328310783952475,0.018522420898079872,0.012235050089657307,0.786150336265564,0.028415651991963387,0.03672381862998009,0.9190298914909363,0.009055991657078266,0.014552534557878971,0.12072460353374481
273,0.013307623565196991,0.0028535774908959866,0.0013680161209776998,0.2382621169090271,0.08415742963552475,0.09945753216743469,0.00048804341349750757,0.03022078424692154,0.19034552574157715,0.005738970823585987,0.006355757359415293,0.9948922395706177
274,0.0055260565131902695,0.19879429042339325,0.08094476163387299,0.002982957987114787,0.0038674597162753344,0.06149222329258919,0.0012873054947704077,0.04792531579732895,0.9752781391143799,0.0006197559414431453,0.9930651187896729,0.04336431249976158
275,0.007040218450129032,0.0007636990048922598,0.0022346898913383484,0.0020797974430024624,0.00013602440594695508,0.04867567494511604,0.993198812007904,0.009761933237314224,0.02044576406478882,0.010796100832521915,0.006307346746325493,0.0004937812336720526
276,0.1240973249077797,0.1285993605852127,0.035685211420059204,0.9760910868644714,0.011076530441641808,0.0011116241803392768,0.0038292098324745893,0.0023630408104509115,5.984505332889967e-05,0.18081368505954742,0.9914729595184326,0.009421570226550102
277,0.13933135569095612,0.055168744176626205,0.022354278713464737,0.9524183869361877,0.04231329634785652,0.0035631926730275154,0.0011361570795997977,0.0057012964971363544,0.00038742864853702486,0.3169116973876953,0.031697675585746765,0.08092734217643738
278,0.004738280083984137,0.0011794212041422725,0.0013657627860084176,0.0028136814944446087,2.5636729333200492e-05,0.00807858444750309,0.9981997013092041,0.018005510792136192,0.006807831581681967,0.005374811124056578,0.00047950883163139224,0.004653711337596178
279,0.011373616755008698,0.006724161095917225,0.054213374853134155,0.020272282883524895,0.04423166811466217,0.06786850094795227,0.001020878553390503,0.2508874237537384,0.9660864472389221,0.0020747820381075144,0.08894193172454834,0.08172459900379181
280,0.24007047712802887,0.9781588315963745,0.0022842404432594776,0.025740789249539375,0.0004996483912691474,0.11024381220340729,0.006543293129652739,0.013294844888150692,0.0018064763862639666,0.025030633434653282,0.996118426322937,0.0034323888830840588
281,0.05396556109189987,0.000953067559748888,0.011528970673680305,0.015579953789710999,0.003864936763420701,0.05483492463827133,0.9769221544265747,0.019560731947422028,0.01780642382800579,0.04032270982861519,0.013471303507685661,0.00799090787768364
282,0.0324571467936039,0.9904905557632446,0.032402168959379196,0.015880705788731575,0.000418823619838804,0.06194440275430679,0.0015247762203216553,0.010076850652694702,0.0022088312543928623,0.007825431413948536,0.9987843632698059,0.01079120859503746
283,0.008610348217189312,0.0004553742764983326,0.0036950360517948866,0.0018047334160655737,0.00010111923620570451,0.008691275492310524,0.9985519051551819,0.007260787766426802,0.0034222600515931845,0.008062037639319897,0.00023040102678351104,0.0016950946301221848
284,0.06851617246866226,0.012529877945780754,0.017291350290179253,0.02093304879963398,0.00699668237939477,0.061932336539030075,0.9568637013435364,0.04142100736498833,0.020336508750915527,0.11842343211174011,0.009131214581429958,0.019071558490395546
285,0.06817921996116638,0.013096336275339127,0.013348514214158058,0.015848640352487564,0.004327302798628807,0.058471497148275375,0.9446525573730469,0.034423913806676865,0.017342209815979004,0.16761021316051483,0.007660664152354002,0.01652533933520317
286,0.014541774988174438,0.018560001626610756,0.02210787497460842,0.012796126306056976,0.0008136980468407273,0.05882001668214798,0.9777601361274719,0.021178636699914932,0.01132796611636877,0.021674834191799164,0.040684450417757034,0.0015227702679112554
287,0.020437711849808693,0.0019653253257274628,0.0056166634894907475,0.0036049934569746256,0.00041956070344895124,0.025472788140177727,0.9954043626785278,0.016089703887701035,0.01650874875485897,0.014870948158204556,0.0017660518642514944,0.004355114419013262
288,0.0714791938662529,0.028200410306453705,0.10149191319942474,0.18008966743946075,0.9200612902641296,0.07364236563444138,0.001796355121769011,0.11471132934093475,0.022210676223039627,0.03322310000658035,0.02077961340546608,0.15571752190589905
289,0.0029231635853648186,0.005847676191478968,0.056404851377010345,0.014959054999053478,0.009069347754120827,0.18598079681396484,0.004464124795049429,0.06767090409994125,0.9704177975654602,0.012868573889136314,0.06535008549690247,0.04359808191657066
290,0.2880355417728424,0.001224763342179358,0.9841423630714417,0.04567739740014076,0.9952132701873779,0.012049810960888863,0.006018145941197872,0.00042095224489457905,0.0001615662913536653,0.017580045387148857,0.9850008487701416,0.03007989563047886
291,0.11254602670669556,0.0029714112170040607,0.9696541428565979,0.08537556976079941,0.9860399961471558,0.012343608774244785,0.008899562060832977,0.0005093400250189006,0.00017197495617438108,0.024759363383054733,0.9899481534957886,0.024065274745225906
292,0.0017536049708724022,0.9866241216659546,0.00014951301272958517,0.01194370910525322,6.124195351731032e-05,0.012519399635493755,0.0023535173386335373,0.06268228590488434,0.02316371724009514,0.00875044520944357,0.997684121131897,6.67781350784935e-05
293,0.029578285291790962,0.2413671761751175,0.03744855895638466,0.01906786859035492,0.005081876181066036,0.004278651438653469,0.018119316548109055,0.02150956727564335,0.0028207225259393454,0.03375798836350441,0.994508683681488,0.0031236796639859676
294,0.008448993787169456,0.9714460968971252,0.0033857920207083225,0.057463109493255615,0.0028146973345428705,0.029704974964261055,0.0017974311485886574,0.09213446080684662,0.019448334351181984,0.03029005043208599,0.9950194358825684,0.0007205677684396505
295,0.10483235865831375,0.018900323659181595,0.007030128967016935,0.19857290387153625,0.13489650189876556,0.019340170547366142,0.009576638229191303,0.1463460624217987,0.05121036246418953,0.06048646941781044,0.017421765252947807,0.9731043577194214
296,0.04736803099513054,0.008115740492939949,0.00209901574999094,0.013958138413727283,0.00033086547045968473,0.011156984604895115,0.9822409749031067,0.01760258339345455,0.002612057374790311,0.04714718088507652,0.006834747269749641,0.004047465976327658
297,0.05139748007059097,0.004607868380844593,0.01343347318470478,0.005634503439068794,0.001718938467092812,0.05528457462787628,0.981181800365448,0.02158248797059059,0.030743863433599472,0.03514336049556732,0.008690906688570976,0.00775754451751709
298,0.03738318756222725,0.008971164934337139,0.01779201067984104,0.016689209267497063,0.0010374714620411396,0.024503277614712715,0.9818739891052246,0.03156065195798874,0.009394720196723938,0.04619531333446503,0.023681091144680977,0.008657525293529034
299,0.03114757128059864,0.010059289634227753,0.025414420291781425,0.020041830837726593,0.0009844336891546845,0.03353656083345413,0.9790911078453064,0.03932725638151169,0.02197193168103695,0.0369553416967392,0.03331940248608589,0.012694080360233784
300,0.009746771305799484,0.016386806964874268,0.0010552763706073165,0.090394526720047,0.0010965022956952453,0.0034008712973445654,0.031215118244290352,0.8941654562950134,0.9514164328575134,0.0011931753251701593,0.9712283611297607,0.9557939767837524
301,0.049536000937223434,0.00865820050239563,0.01410341914743185,0.03927513211965561,0.0014392436714842916,0.016137603670358658,0.960162878036499,0.02705162577331066,0.004299316555261612,0.06097188964486122,0.05743641033768654,0.006001043599098921
302,0.03738318756222725,0.008971164934337139,0.01779201067984104,0.016689209267497063,0.0010374714620411396,0.024503277614712715,0.9818739891052246,0.03156065195798874,0.009394720196723938,0.04619531333446503,0.023681091144680977,0.008657525293529034
303,0.02583904191851616,0.00506146065890789,0.01383680198341608,0.007557069417089224,0.0013573516625910997,0.043163951486349106,0.988527774810791,0.02948242984712124,0.014276034198701382,0.025465141981840134,0.008862726390361786,0.003731695469468832
304,0.022637253627181053,0.012821045704185963,0.0035500675439834595,0.011582601815462112,0.00011158773122588173,0.0133938267827034,0.9871439337730408,0.01905689388513565,0.005002319812774658,0.02333102375268936,0.033574603497982025,0.002682877006009221
305,0.012634743005037308,0.004797154106199741,0.022976867854595184,0.00636966060847044,0.0023601995781064034,0.09295680373907089,0.9830695390701294,0.0253264382481575,0.0276970062404871,0.022355541586875916,0.00503784604370594,0.00442173145711422
306,0.02023058943450451,0.0036115115508437157,0.01031461637467146,0.0056968568824231625,0.00040058529702946544,0.02718377858400345,0.9937020540237427,0.018990851938724518,0.0144243985414505,0.0169624425470829,0.005010598339140415,0.0054362681694328785
307,0.8861647844314575,0.009415791369974613,0.006973077543079853,0.033304363489151,0.04594075679779053,0.005908276420086622,0.014348759315907955,0.0025340612046420574,0.0004010128614027053,0.1559116691350937,0.02078033611178398,0.007633344270288944
308,0.09779676049947739,0.0010580839589238167,0.00544745335355401,0.00512351980432868,0.0004633162752725184,0.011015730910003185,0.9929066896438599,0.017941802740097046,0.007723857183009386,0.0028725103475153446,0.012288731522858143,0.006985340733081102
309,0.14554615318775177,0.33746427297592163,0.03306903317570686,0.02872169390320778,0.04717416688799858,0.1658300906419754,0.00777829485014081,0.012001950293779373,0.008045698516070843,0.029274992644786835,0.9875648617744446,0.014645333401858807
310,0.04128281772136688,0.9040971994400024,0.020514599978923798,0.12645021080970764,0.0025643371045589447,0.1535041630268097,0.04690878465771675,0.03092160075902939,0.003830259433016181,0.05461357906460762,0.9936962723731995,0.000740319024771452
311,0.01602919213473797,0.1048981100320816,0.0725984275341034,0.0025268844328820705,0.0029427215922623873,0.006330682896077633,0.028903063386678696,0.08622255176305771,0.03108169697225094,0.00384235056117177,0.9946566820144653,0.007966858334839344
312,0.010085619986057281,0.14542372524738312,0.256948322057724,0.04705522954463959,0.0041321213357150555,0.01921471767127514,0.006661344785243273,0.03445515036582947,0.17770835757255554,0.006223300006240606,0.9921310544013977,0.005352940410375595
313,0.0028437478467822075,0.0002443375997245312,0.0010011561680585146,0.00045866408618167043,1.1283029380138032e-05,0.018134724348783493,0.9991004467010498,0.004709454253315926,0.00969147402793169,0.0033711993601173162,0.00016547516861464828,0.00018486968474462628
314,0.004234905820339918,0.0026592593640089035,0.09731229394674301,0.004465057514607906,8.231854008045048e-05,0.029207894578576088,0.9806826114654541,0.012515037320554256,0.012490523047745228,0.0046945540234446526,0.016700176522135735,0.0012865338940173388
315,0.06061897426843643,0.0004693282535299659,0.005161701701581478,0.010819816030561924,0.0014505755389109254,0.023023461923003197,0.9884470105171204,0.012291266582906246,0.004759405739605427,0.030843062326312065,0.0029230299405753613,0.004710790701210499
316,0.004859384149312973,0.0006982183549553156,0.0007547867717221379,0.01086586993187666,4.545370757114142e-05,0.01137867383658886,0.9961258769035339,0.026407547295093536,0.015869494527578354,0.004253304563462734,0.00025152612943202257,0.0035290783271193504
317,0.022069426253437996,0.01028580591082573,0.03202833607792854,0.017597084864974022,0.0004050037241540849,0.02184598334133625,0.9748976230621338,0.026456864550709724,0.01326066069304943,0.020288152620196342,0.06862905621528625,0.008439116179943085
318,0.07771997898817062,0.01102397870272398,0.927510678768158,0.036305684596300125,0.08436796069145203,0.02569705992937088,0.011238126084208488,0.0022366077173501253,0.0052213468588888645,0.01204854529350996,0.1398049145936966,0.016724655404686928
319,0.03552472963929176,0.011090260930359364,0.02829921431839466,0.022941680625081062,0.0011603538878262043,0.031730055809020996,0.97719806432724,0.037891071289777756,0.018651418387889862,0.04083248972892761,0.043082598596811295,0.013439269736409187
320,0.030162263661623,0.0001705316244624555,0.004484186880290508,0.0807294175028801,0.9279632568359375,0.04205120727419853,0.0001534900802653283,0.0008495746878907084,0.02888418547809124,0.006596720777451992,0.005354349967092276,0.9951252341270447
321,0.11454220116138458,0.0032456149347126484,0.004865025170147419,0.1497306078672409,0.9417276978492737,0.0022790594957768917,0.00012452078226488084,0.0013384720077738166,0.0037751246709376574,0.10152605175971985,0.0022837535943835974,0.9837952852249146
322,0.09892577677965164,0.12074156105518341,0.01272507943212986,0.01494152657687664,0.0038258624263107777,0.007111344952136278,0.00019718652765732259,0.007992242462933064,0.00024042133009061217,0.9765052795410156,0.0040894560515880585,0.00032950183958746493
323,0.008955047465860844,0.0023493715561926365,0.001985701732337475,0.0068839238956570625,6.169812695588917e-05,0.004795501474291086,0.9888662695884705,0.2019461691379547,0.03185855969786644,0.004051556810736656,0.023167263716459274,0.021081652492284775
324,0.007769945543259382,0.11121231317520142,0.11562293022871017,0.08354047685861588,0.021030087023973465,0.7307314872741699,0.014672525227069855,0.07388909161090851,0.20720422267913818,0.005288335029035807,0.011147955432534218,0.09156955033540726
325,0.00777616398409009,0.13547289371490479,0.011483224108815193,0.002757520182058215,0.0001843280770117417,0.0039062034338712692,0.021902207285165787,0.07424931228160858,0.016146326437592506,0.011526791378855705,0.995612382888794,0.005180304870009422
326,0.008046642877161503,0.0009084958001039922,0.0029137113597244024,0.0013566279085353017,7.62744530220516e-05,0.024711810052394867,0.9976533055305481,0.008787710219621658,0.015095977112650871,0.007793630473315716,0.0010903608053922653,0.0010845554061233997
327,0.006672251969575882,0.0014959757681936026,0.0005934148211963475,0.00167684571351856,6.297640356933698e-05,0.05218077823519707,0.9928492307662964,0.021976487711071968,0.014050389640033245,0.0037750352639704943,0.00045648188097402453,0.00013844655768480152
328,0.019741976633667946,0.002488459460437298,0.005437902640551329,0.006934375036507845,0.0004665726737584919,0.02441190741956234,0.9939670562744141,0.019775234162807465,0.013703178614377975,0.018813909962773323,0.002445811405777931,0.003773509291931987
329,0.0034996948670595884,0.0001236943935509771,0.0010445286752656102,0.0011232738615944982,1.0296109394403175e-05,0.0033110042568296194,0.999600350856781,0.009698821231722832,0.003222638973966241,0.0015715894987806678,9.386433521285653e-05,0.0007820320315659046
330,0.008167427033185959,0.0009939044248312712,0.002157141687348485,0.0030002694111317396,7.217390520963818e-05,0.016149690374732018,0.9979084730148315,0.01357772946357727,0.010495423339307308,0.00667281448841095,0.000890218245331198,0.0009769453899934888
331,0.009905342943966389,0.0010101848747581244,0.0021769239101558924,0.0036954451352357864,0.00010225089499726892,0.016879387199878693,0.9974167346954346,0.013486813753843307,0.010949202813208103,0.007661857176572084,0.0008753338479436934,0.0010830850806087255
332,0.019741976633667946,0.002488459460437298,0.005437902640551329,0.006934375036507845,0.0004665726737584919,0.02441190741956234,0.9939670562744141,0.019775234162807465,0.013703178614377975,0.018813909962773323,0.002445811405777931,0.003773509291931987
